G1,CAPCELONA,Doomatori CF,doc cock,Wolverhampton FC,Sampdor,FC GrootNingen,Sorcerer Supreme FC,Gotham United
G2,Doomatori CF,Sorcerer Supreme FC,Gotham United,Sampdor,FC GrootNingen,doc cock,Wolverhampton FC,CAPCELONA
G3,doc cock,Gotham United,Sampdor,Doomatori CF,Sorcerer Supreme FC,CAPCELONA,FC GrootNingen,Wolverhampton FC
G4,CAPCELONA,Sampdor,Doomatori CF,doc cock,Gotham United,FC GrootNingen,Wolverhampton FC,Sorcerer Supreme FC
G5,doc cock,CAPCELONA,Sampdor,Sorcerer Supreme FC,Gotham United,Wolverhampton FC,FC GrootNingen,Doomatori CF
G6,CAPCELONA,FC GrootNingen,Doomatori CF,Gotham United,Sampdor,Wolverhampton FC,Sorcerer Supreme FC,doc cock
G7,doc cock,Sampdor,Gotham United,CAPCELONA,FC GrootNingen,Sorcerer Supreme FC,Wolverhampton FC,Doomatori CF
G8,Doomatori CF,CAPCELONA,Wolverhampton FC,doc cock,FC GrootNingen,Sampdor,Gotham United,Sorcerer Supreme FC
G9,Sorcerer Supreme FC,Doomatori CF,Sampdor,Gotham United,doc cock,FC GrootNingen,CAPCELONA,Wolverhampton FC
G10,Gotham United,doc cock,Doomatori CF,Sampdor,Sorcerer Supreme FC,FC GrootNingen,Wolverhampton FC,CAPCELONA
G11,Sorcerer Supreme FC,Doomatori CF,Sampdor,Gotham United,doc cock,FC GrootNingen,CAPCELONA,Wolverhampton FC
G12,Gotham United,doc cock,Doomatori CF,Sampdor,Sorcerer Supreme FC,FC GrootNingen,Wolverhampton FC,CAPCELONA
G13,CAPCELONA,FC GrootNingen,Sampdor,Doomatori CF,doc cock,Gotham United,Sorcerer Supreme FC,Wolverhampton FC
G14,Doomatori CF,CAPCELONA,Wolverhampton FC,Sampdor,Gotham United,Sorcerer Supreme FC,FC GrootNingen,doc cock
G15,Sampdor,Gotham United,FC GrootNingen,CAPCELONA,Doomatori CF,Wolverhampton FC,doc cock,Sorcerer Supreme FC
G16,Sorcerer Supreme FC,Sampdor,Gotham United,Doomatori CF,CAPCELONA,Wolverhampton FC,FC GrootNingen,doc cock
G17,Wolverhampton FC,CAPCELONA,Sorcerer Supreme FC,FC GrootNingen,Gotham United,doc cock,Sampdor,Doomatori CF
G18,doc cock,Sorcerer Supreme FC,CAPCELONA,Gotham United,Wolverhampton FC,Doomatori CF,Sampdor,FC GrootNingen
G19,Gotham United,Wolverhampton FC,Sorcerer Supreme FC,Sampdor,Doomatori CF,FC GrootNingen,CAPCELONA,doc cock
G20,FC GrootNingen,CAPCELONA,Doomatori CF,Sorcerer Supreme FC,Sampdor,Gotham United,Wolverhampton FC,doc cock
G21,CAPCELONA,Doomatori CF,doc cock,Sampdor,Wolverhampton FC,Sorcerer Supreme FC,Gotham United,FC GrootNingen
G22,Sampdor,Wolverhampton FC,Gotham United,Sorcerer Supreme FC,CAPCELONA,FC GrootNingen,doc cock,Doomatori CF
G23,Sorcerer Supreme FC,CAPCELONA,Doomatori CF,Gotham United,Sampdor,doc cock,FC GrootNingen,Wolverhampton FC
G24,doc cock,Doomatori CF,CAPCELONA,Sampdor,Wolverhampton FC,Gotham United,FC GrootNingen,Sorcerer Supreme FC
G25,Gotham United,CAPCELONA,Sorcerer Supreme FC,Doomatori CF,FC GrootNingen,Sampdor,Wolverhampton FC,doc cock
G26,Sampdor,Sorcerer Supreme FC,CAPCELONA,FC GrootNingen,Gotham United,Doomatori CF,doc cock,Wolverhampton FC
G27,Doomatori CF,doc cock,Sampdor,Wolverhampton FC,FC GrootNingen,Gotham United,Sorcerer Supreme FC,CAPCELONA
G28,CAPCELONA,Sampdor,Doomatori CF,Wolverhampton FC,Gotham United,FC GrootNingen,Sorcerer Supreme FC,doc cock
G29,doc cock,Gotham United,CAPCELONA,Doomatori CF,Wolverhampton FC,Sampdor,Sorcerer Supreme FC,FC GrootNingen
G30,Sampdor,Sorcerer Supreme FC,Doomatori CF,doc cock,FC GrootNingen,Wolverhampton FC,Gotham United,CAPCELONA
G31,CAPCELONA,FC GrootNingen,doc cock,Doomatori CF,Sorcerer Supreme FC,Wolverhampton FC,Sampdor,Gotham United
G32,Doomatori CF,CAPCELONA,Wolverhampton FC,FC GrootNingen,Gotham United,doc cock,Sorcerer Supreme FC,Sampdor
G33,Sorcerer Supreme FC,Doomatori CF,CAPCELONA,Sampdor,Wolverhampton FC,Gotham United,doc cock,FC GrootNingen
G34,Gotham United,Sorcerer Supreme FC,Doomatori CF,FC GrootNingen,doc cock,Sampdor,CAPCELONA,Wolverhampton FC
G35,Wolverhampton FC,CAPCELONA,FC GrootNingen,Doomatori CF,Sorcerer Supreme FC,Sampdor,Gotham United,doc cock
G36,Sampdor,FC GrootNingen,CAPCELONA,Gotham United,Doomatori CF,Sorcerer Supreme FC,Wolverhampton FC,doc cock